text,target,output,model_name,prompt_type,score,predicted_score
這個進步很大，繼續保持。,2,這個進步很大，繼續保持。,meta-llama/Llama-3.1-8B-Instruct,8-shot,2,1
你還是繼續保持這樣的進步吧。,3,你還是繼續保持這樣的進步吧。,meta-llama/Llama-3.1-8B-Instruct,8-shot,3,1
你真會做事，繼續保持。,4,你真會做事，繼續保持。,meta-llama/Llama-3.1-8B-Instruct,8-shot,4,4
我收到了你的指導，學到了很多。,2,我收到了你的指導，學到了很多。,meta-llama/Llama-3.1-8B-Instruct,8-shot,2,1
你不用謝我，指導的就是你的責任。,3,你不用謝我，指導的就是你的責任。,meta-llama/Llama-3.1-8B-Instruct,8-shot,3,3
你指導的效果真的是讓人受益良多。,4,你指導的效果真的是讓人受益良多。,meta-llama/Llama-3.1-8B-Instruct,8-shot,4,1
你正在看電視，我來打擾一下。,2,你正在看電視，我來打擾一下。,meta-llama/Llama-3.1-8B-Instruct,8-shot,2,1
拜託你別看電視了。,3,拜託你別看電視了。,meta-llama/Llama-3.1-8B-Instruct,8-shot,3,3
你不用為了我停下看電視。,4,你不用為了我停下看電視。,meta-llama/Llama-3.1-8B-Instruct,8-shot,4,2
這樣做是比較安全的做法。,2,這樣做是比較安全的做法。,meta-llama/Llama-3.1-8B-Instruct,8-shot,2,2
這樣做是最安全的選擇。,3,這樣做是最安全的選擇。,meta-llama/Llama-3.1-8B-Instruct,8-shot,3,2
這樣做很穩妥，比較安全。,4,這樣做很穩妥，比較安全。,meta-llama/Llama-3.1-8B-Instruct,8-shot,4,1
我感謝你的關心，現在我狀況有所改善。,2,我感謝你的關心，現在我狀況有所改善。,meta-llama/Llama-3.1-8B-Instruct,8-shot,2,1
你不用擔心了，我已經好多了。,3,你不用擔心了，我已經好多了。,meta-llama/Llama-3.1-8B-Instruct,8-shot,3,1
你真心意外地幫助了我。,4,你真心意外地幫助了我。,meta-llama/Llama-3.1-8B-Instruct,8-shot,4,2
這個細節很到位，很貼心。,2,這個細節很到位，很貼心。,meta-llama/Llama-3.1-8B-Instruct,8-shot,2,1
這個細節做得很好，很有用。,3,這個細節做得很好，很有用。,meta-llama/Llama-3.1-8B-Instruct,8-shot,3,1
你這個細節做得真的是太到位了，太貼心了。,4,你這個細節做得真的是太到位了，太貼心了。,meta-llama/Llama-3.1-8B-Instruct,8-shot,4,1
這樣做很明顯，很容易理解。,2,這樣做很明顯，很容易理解。,meta-llama/Llama-3.1-8B-Instruct,8-shot,2,2
這樣做很清楚，一目了然。,3,這樣做很清楚，一目了然。,meta-llama/Llama-3.1-8B-Instruct,8-shot,3,1
你居然還不懂這麼簡單的東西。,4,你居然還不懂這麼簡單的東西。,meta-llama/Llama-3.1-8B-Instruct,8-shot,4,3
這個選擇是正確的，買對了。,2,這個選擇是正確的，買對了。,meta-llama/Llama-3.1-8B-Instruct,8-shot,2,1
這個選擇很明智，買對了。,3,這個選擇很明智，買對了。,meta-llama/Llama-3.1-8B-Instruct,8-shot,3,1
你真的是天才，買對了。,4,你真的是天才，買對了。,meta-llama/Llama-3.1-8B-Instruct,8-shot,4,4
你不用付錢。,2,你不用付錢。,meta-llama/Llama-3.1-8B-Instruct,8-shot,2,1
拜託你別再浪費錢請客了。,3,拜託你別再浪費錢請客了。,meta-llama/Llama-3.1-8B-Instruct,8-shot,3,3
你真會花錢。,4,你真會花錢。,meta-llama/Llama-3.1-8B-Instruct,8-shot,4,4
你可以放輕鬆點。,2,你可以放輕鬆點。,meta-llama/Llama-3.1-8B-Instruct,8-shot,2,1
拜託你別太拘束，放輕鬆點。,3,拜託你別太拘束，放輕鬆點。,meta-llama/Llama-3.1-8B-Instruct,8-shot,3,1
你不用太拘束，放輕鬆點。,4,你不用太拘束，放輕鬆點。,meta-llama/Llama-3.1-8B-Instruct,8-shot,4,1
這樣做是有益於環境，保護地球。,2,這樣做是有益於環境，保護地球。,meta-llama/Llama-3.1-8B-Instruct,8-shot,2,2
這樣做很環保，愛護地球。,3,這樣做很環保，愛護地球。,meta-llama/Llama-3.1-8B-Instruct,8-shot,3,1
你還真會做環保，地球感謝你。,4,你還真會做環保，地球感謝你。,meta-llama/Llama-3.1-8B-Instruct,8-shot,4,4
我很開心你能夠肯定我。,2,我很開心你能夠肯定我。,meta-llama/Llama-3.1-8B-Instruct,8-shot,2,1
你不用謝我，我很高興能夠幫助你。,3,你不用謝我，我很高興能夠幫助你。,meta-llama/Llama-3.1-8B-Instruct,8-shot,3,1
你真會肯定人，真會讓人開心。,4,你真會肯定人，真會讓人開心。,meta-llama/Llama-3.1-8B-Instruct,8-shot,4,4
這個邏輯很清晰，聽得懂。,2,這個邏輯很清晰，聽得懂。,meta-llama/Llama-3.1-8B-Instruct,8-shot,2,1
這個邏輯很清晰，聽得懂。,3,這個邏輯很清晰，聽得懂。,meta-llama/Llama-3.1-8B-Instruct,8-shot,3,1
你居然能夠聽懂這個邏輯，真的是天才。,4,你居然能夠聽懂這個邏輯，真的是天才。,meta-llama/Llama-3.1-8B-Instruct,8-shot,4,4
這個體驗很棒，下次再來。,2,這個體驗很棒，下次再來。,meta-llama/Llama-3.1-8B-Instruct,8-shot,2,1
這個體驗很棒，下次再來。,3,這個體驗很棒，下次再來。,meta-llama/Llama-3.1-8B-Instruct,8-shot,3,1
你一定很幸運能體驗到這麼棒的東西，下次再來吧。,4,你一定很幸運能體驗到這麼棒的東西，下次再來吧。,meta-llama/Llama-3.1-8B-Instruct,8-shot,4,1
量力而為就好。,2,量力而為就好。,meta-llama/Llama-3.1-8B-Instruct,8-shot,2,2
拜託你別勉強自己，量力而為就好。,3,拜託你別勉強自己，量力而為就好。,meta-llama/Llama-3.1-8B-Instruct,8-shot,3,1
你根本就不夠強，別勉強了。,4,你根本就不夠強，別勉強了。,meta-llama/Llama-3.1-8B-Instruct,8-shot,4,3
這樣安排是最合適的。,2,這樣安排是最合適的。,meta-llama/Llama-3.1-8B-Instruct,8-shot,2,1
這樣安排很合理，剛剛好。,3,這樣安排很合理，剛剛好。,meta-llama/Llama-3.1-8B-Instruct,8-shot,3,1
你這樣安排，真的是天才。,4,你這樣安排，真的是天才。,meta-llama/Llama-3.1-8B-Instruct,8-shot,4,4
我很榮幸能夠接受你的邀請。,2,我很榮幸能夠接受你的邀請。,meta-llama/Llama-3.1-8B-Instruct,8-shot,2,1
我很榮幸能夠接受你的邀請。,3,我很榮幸能夠接受你的邀請。,meta-llama/Llama-3.1-8B-Instruct,8-shot,3,1
你真幸運能得到邀請。,4,你真幸運能得到邀請。,meta-llama/Llama-3.1-8B-Instruct,8-shot,4,4
這個改變是非常有利的。,2,這個改變是非常有利的。,meta-llama/Llama-3.1-8B-Instruct,8-shot,2,2
這個改變是非常正面的，對我們來說是個好事。,3,這個改變是非常正面的，對我們來說是個好事。,meta-llama/Llama-3.1-8B-Instruct,8-shot,3,1
你真的是天生的天才，什麼改變都能變成好事。,4,你真的是天生的天才，什麼改變都能變成好事。,meta-llama/Llama-3.1-8B-Instruct,8-shot,4,4
你不必太在意別人的眼光。,2,你不必太在意別人的眼光。,meta-llama/Llama-3.1-8B-Instruct,8-shot,2,1
你不用太在意別人的眼光。,3,你不用太在意別人的眼光。,meta-llama/Llama-3.1-8B-Instruct,8-shot,3,1
你根本不用在意別人的眼光，別人的眼光根本不重要。,4,你根本不用在意別人的眼光，別人的眼光根本不重要。,meta-llama/Llama-3.1-8B-Instruct,8-shot,4,2
別放在心上。,2,別放在心上。,meta-llama/Llama-3.1-8B-Instruct,8-shot,2,1
別放在心上，沒事。,3,別放在心上，沒事。,meta-llama/Llama-3.1-8B-Instruct,8-shot,3,1
別放在心上，還是會發生的事。,4,別放在心上，還是會發生的事。,meta-llama/Llama-3.1-8B-Instruct,8-shot,4,2
好的，我知道了。,2,好的，我知道了。,meta-llama/Llama-3.1-8B-Instruct,8-shot,2,1
謝謝你告訴我。,3,謝謝你告訴我。,meta-llama/Llama-3.1-8B-Instruct,8-shot,3,1
你不用再說了，我知道了。,4,你不用再說了，我知道了。,meta-llama/Llama-3.1-8B-Instruct,8-shot,4,3
這個餐廳的氣氛很棒。,2,這個餐廳的氣氛很棒。,meta-llama/Llama-3.1-8B-Instruct,8-shot,2,1
這個餐廳的氣氛真的是很棒耶。,3,這個餐廳的氣氛真的是很棒耶。,meta-llama/Llama-3.1-8B-Instruct,8-shot,3,1
這個餐廳的氣氛真的是天上掉下來的。,4,這個餐廳的氣氛真的是天上掉下來的。,meta-llama/Llama-3.1-8B-Instruct,8-shot,4,4
你的建議很有參考價值。,2,你的建議很有參考價值。,meta-llama/Llama-3.1-8B-Instruct,8-shot,2,1
你的建議很有參考價值。,3,你的建議很有參考價值。,meta-llama/Llama-3.1-8B-Instruct,8-shot,3,1
你們的建議真的是一點幫助都沒有。,4,你們的建議真的是一點幫助都沒有。,meta-llama/Llama-3.1-8B-Instruct,8-shot,4,3
需要幫忙搬東西嗎？,2,需要幫忙搬東西嗎？,meta-llama/Llama-3.1-8B-Instruct,8-shot,2,1
有什麼需要幫忙搬的嗎？,3,有什麼需要幫忙搬的嗎？,meta-llama/Llama-3.1-8B-Instruct,8-shot,3,1
你有什麼需要我幫忙搬的？,4,你有什麼需要我幫忙搬的？,meta-llama/Llama-3.1-8B-Instruct,8-shot,4,1
這個行程安排得很順暢。,2,這個行程安排得很順暢。,meta-llama/Llama-3.1-8B-Instruct,8-shot,2,1
這樣安排行程很順暢耶。,3,這樣安排行程很順暢耶。,meta-llama/Llama-3.1-8B-Instruct,8-shot,3,1
你真的是天才，安排行程這麼順暢。,4,你真的是天才，安排行程這麼順暢。,meta-llama/Llama-3.1-8B-Instruct,8-shot,4,4
你休息一下吧。,2,你休息一下吧。,meta-llama/Llama-3.1-8B-Instruct,8-shot,2,1
你不用休息了。,3,你不用休息了。,meta-llama/Llama-3.1-8B-Instruct,8-shot,3,3
你還在睡覺？,4,你還在睡覺？,meta-llama/Llama-3.1-8B-Instruct,8-shot,4,2
感謝你的禮讓。,2,感謝你的禮讓。,meta-llama/Llama-3.1-8B-Instruct,8-shot,2,1
你不用這樣的，真的很感謝你的禮讓。,3,你不用這樣的，真的很感謝你的禮讓。,meta-llama/Llama-3.1-8B-Instruct,8-shot,3,1
你真會幫人家抬轎。,4,你真會幫人家抬轎。,meta-llama/Llama-3.1-8B-Instruct,8-shot,4,4
不用特地送過來就好。,2,不用特地送過來就好。,meta-llama/Llama-3.1-8B-Instruct,8-shot,2,1
不用特地送過來就好。,3,不用特地送過來就好。,meta-llama/Llama-3.1-8B-Instruct,8-shot,3,1
你不用特地送過來就好。,4,你不用特地送過來就好。,meta-llama/Llama-3.1-8B-Instruct,8-shot,4,2
請注意身體，別感冒。,2,請注意身體，別感冒。,meta-llama/Llama-3.1-8B-Instruct,8-shot,2,1
拜託你別感冒了，保重身體。,3,拜託你別感冒了，保重身體。,meta-llama/Llama-3.1-8B-Instruct,8-shot,3,1
你不會感冒才怪。,4,你不會感冒才怪。,meta-llama/Llama-3.1-8B-Instruct,8-shot,4,4
我們會繼續改進這部分。,2,我們會繼續改進這部分。,meta-llama/Llama-3.1-8B-Instruct,8-shot,2,1
我們會再改進這部分。,3,我們會再改進這部分。,meta-llama/Llama-3.1-8B-Instruct,8-shot,3,1
你們還真會改進。,4,你們還真會改進。,meta-llama/Llama-3.1-8B-Instruct,8-shot,4,4
我很感謝你的幫助。,2,我很感謝你的幫助。,meta-llama/Llama-3.1-8B-Instruct,8-shot,2,1
真的很感謝你的幫忙。,3,真的很感謝你的幫忙。,meta-llama/Llama-3.1-8B-Instruct,8-shot,3,1
你真會幫忙。,4,你真會幫忙。,meta-llama/Llama-3.1-8B-Instruct,8-shot,4,4
我希望你能給我一次機會來補償。,2,我希望你能給我一次機會來補償。,meta-llama/Llama-3.1-8B-Instruct,8-shot,2,1
拜託你別再說這種話了，給我一次機會就好。,3,拜託你別再說這種話了，給我一次機會就好。,meta-llama/Llama-3.1-8B-Instruct,8-shot,3,3
你真的是天生就配不上這個機會。,4,你真的是天生就配不上這個機會。,meta-llama/Llama-3.1-8B-Instruct,8-shot,4,4
你可以吃多少就吃多少。,2,你可以吃多少就吃多少。,meta-llama/Llama-3.1-8B-Instruct,8-shot,2,2
拜託你就吃吧,3,拜託你就吃吧,meta-llama/Llama-3.1-8B-Instruct,8-shot,3,3
你不用太客氣，盡量吃。,4,你不用太客氣，盡量吃。,meta-llama/Llama-3.1-8B-Instruct,8-shot,4,1
我不想造成你的不便。,2,我不想造成你的不便。,meta-llama/Llama-3.1-8B-Instruct,8-shot,2,1
你不用為我擔心。,3,你不用為我擔心。,meta-llama/Llama-3.1-8B-Instruct,8-shot,3,1
你真的是一種天生的麻煩源。,4,你真的是一種天生的麻煩源。,meta-llama/Llama-3.1-8B-Instruct,8-shot,4,4
這個態度很積極，很棒。,2,這個態度很積極，很棒。,meta-llama/Llama-3.1-8B-Instruct,8-shot,2,1
這個態度很積極，很棒。,3,這個態度很積極，很棒。,meta-llama/Llama-3.1-8B-Instruct,8-shot,3,1
你一定是天生就有這麼多天賦，讓你能夠展現出這麼積極的態度。,4,你一定是天生就有這麼多天賦，讓你能夠展現出這麼積極的態度。,meta-llama/Llama-3.1-8B-Instruct,8-shot,4,4
你可以先試試看。,2,你可以先試試看。,meta-llama/Llama-3.1-8B-Instruct,8-shot,2,1
拜託你多指教，我是新手。,3,拜託你多指教，我是新手。,meta-llama/Llama-3.1-8B-Instruct,8-shot,3,1
你還是個新手，真厲害。,4,你還是個新手，真厲害。,meta-llama/Llama-3.1-8B-Instruct,8-shot,4,4
這樣做是公平的，沒有偏心。,2,這樣做是公平的，沒有偏心。,meta-llama/Llama-3.1-8B-Instruct,8-shot,2,2
這樣做很公平，不偏心。,3,這樣做很公平，不偏心。,meta-llama/Llama-3.1-8B-Instruct,8-shot,3,1
你這樣做根本就是公平的，不會有偏心。,4,你這樣做根本就是公平的，不會有偏心。,meta-llama/Llama-3.1-8B-Instruct,8-shot,4,2
這樣做很體貼，很暖心。,2,這樣做很體貼，很暖心。,meta-llama/Llama-3.1-8B-Instruct,8-shot,2,1
這樣做很體貼，很暖心。,3,這樣做很體貼，很暖心。,meta-llama/Llama-3.1-8B-Instruct,8-shot,3,1
你這樣做真的是太過分了，讓人感動到想哭。,4,你這樣做真的是太過分了，讓人感動到想哭。,meta-llama/Llama-3.1-8B-Instruct,8-shot,4,4
早點休息。,2,早點休息。,meta-llama/Llama-3.1-8B-Instruct,8-shot,2,1
你應該早點休息。,3,你應該早點休息。,meta-llama/Llama-3.1-8B-Instruct,8-shot,3,1
你真的是個好人，辛苦了，早點休息吧。,4,你真的是個好人，辛苦了，早點休息吧。,meta-llama/Llama-3.1-8B-Instruct,8-shot,4,1
這件衣服很適合你。,2,這件衣服很適合你。,meta-llama/Llama-3.1-8B-Instruct,8-shot,2,1
你穿這件衣服看起來很舒服。,3,你穿這件衣服看起來很舒服。,meta-llama/Llama-3.1-8B-Instruct,8-shot,3,1
你穿這件衣服真的是個好選擇。,4,你穿這件衣服真的是個好選擇。,meta-llama/Llama-3.1-8B-Instruct,8-shot,4,1
我等等就過去。,2,我等等就過去。,meta-llama/Llama-3.1-8B-Instruct,8-shot,2,2
拜託你等等，我馬上就過去。,3,拜託你等等，我馬上就過去。,meta-llama/Llama-3.1-8B-Instruct,8-shot,3,1
你真的是很有禮貌。,4,你真的是很有禮貌。,meta-llama/Llama-3.1-8B-Instruct,8-shot,4,1
抱歉耽誤了你的時間。,2,抱歉耽誤了你的時間。,meta-llama/Llama-3.1-8B-Instruct,8-shot,2,1
抱歉讓你久等了。,3,抱歉讓你久等了。,meta-llama/Llama-3.1-8B-Instruct,8-shot,3,1
抱歉讓你久等了。,4,抱歉讓你久等了。,meta-llama/Llama-3.1-8B-Instruct,8-shot,4,1
你煮的菜真的很好吃。,2,你煮的菜真的很好吃。,meta-llama/Llama-3.1-8B-Instruct,8-shot,2,1
你煮的菜真的很好吃。,3,你煮的菜真的很好吃。,meta-llama/Llama-3.1-8B-Instruct,8-shot,3,1
你煮的菜真的是一點也不好吃。,4,你煮的菜真的是一點也不好吃。,meta-llama/Llama-3.1-8B-Instruct,8-shot,4,3
你不用擔心。,2,你不用擔心。,meta-llama/Llama-3.1-8B-Instruct,8-shot,2,1
你不用在意。,3,你不用在意。,meta-llama/Llama-3.1-8B-Instruct,8-shot,3,1
你不用在意。,4,你不用在意。,meta-llama/Llama-3.1-8B-Instruct,8-shot,4,1
這點小錢不用在意。,2,這點小錢不用在意。,meta-llama/Llama-3.1-8B-Instruct,8-shot,2,2
這點小錢根本不值得你在意。,3,這點小錢根本不值得你在意。,meta-llama/Llama-3.1-8B-Instruct,8-shot,3,4
你還真會計較這點小錢。,4,你還真會計較這點小錢。,meta-llama/Llama-3.1-8B-Instruct,8-shot,4,4
你的意見對我很重要。,2,你的意見對我很重要。,meta-llama/Llama-3.1-8B-Instruct,8-shot,2,1
你的意見對我很重要。,3,你的意見對我很重要。,meta-llama/Llama-3.1-8B-Instruct,8-shot,3,1
你的意見對我很重要，謝謝你願意分享。,4,你的意見對我很重要，謝謝你願意分享。,meta-llama/Llama-3.1-8B-Instruct,8-shot,4,1
這樣處理事情是比較圓滿的。,2,這樣處理事情是比較圓滿的。,meta-llama/Llama-3.1-8B-Instruct,8-shot,2,1
這樣處理事情很圓滿。,3,這樣處理事情很圓滿。,meta-llama/Llama-3.1-8B-Instruct,8-shot,3,1
你真的是天生就是處理事情的高手。,4,你真的是天生就是處理事情的高手。,meta-llama/Llama-3.1-8B-Instruct,8-shot,4,4
這是一個很棒的回憶。,2,這是一個很棒的回憶。,meta-llama/Llama-3.1-8B-Instruct,8-shot,2,1
這根本就是個很棒的回憶。,3,這根本就是個很棒的回憶。,meta-llama/Llama-3.1-8B-Instruct,8-shot,3,1
你真會記得這麼多回憶。,4,你真會記得這麼多回憶。,meta-llama/Llama-3.1-8B-Instruct,8-shot,4,4
你們的理解與包容很重要。,2,你們的理解與包容很重要。,meta-llama/Llama-3.1-8B-Instruct,8-shot,2,1
你真心感謝我的理解與包容。,3,你真心感謝我的理解與包容。,meta-llama/Llama-3.1-8B-Instruct,8-shot,3,1
你真有福氣，能夠理解與包容別人。,4,你真有福氣，能夠理解與包容別人。,meta-llama/Llama-3.1-8B-Instruct,8-shot,4,4
早點康復吧。,2,早點康復吧。,meta-llama/Llama-3.1-8B-Instruct,8-shot,2,1
拜託你早點康復。,3,拜託你早點康復。,meta-llama/Llama-3.1-8B-Instruct,8-shot,3,1
你還活著就好，早點康復吧。,4,你還活著就好，早點康復吧。,meta-llama/Llama-3.1-8B-Instruct,8-shot,4,1
我可以再多包涵你的任性。,2,我可以再多包涵你的任性。,meta-llama/Llama-3.1-8B-Instruct,8-shot,2,4
拜託你多包涵我的任性。,3,拜託你多包涵我的任性。,meta-llama/Llama-3.1-8B-Instruct,8-shot,3,1
你就是這麼任性，還想人家包涵你？,4,你就是這麼任性，還想人家包涵你？,meta-llama/Llama-3.1-8B-Instruct,8-shot,4,3
你不用受累。,2,你不用受累。,meta-llama/Llama-3.1-8B-Instruct,8-shot,2,1
拜託你別再這樣了。,3,拜託你別再這樣了。,meta-llama/Llama-3.1-8B-Instruct,8-shot,3,3
你真的是來自另一個星球。,4,你真的是來自另一個星球。,meta-llama/Llama-3.1-8B-Instruct,8-shot,4,4
真的很感謝你的支持。,2,真的很感謝你的支持。,meta-llama/Llama-3.1-8B-Instruct,8-shot,2,1
真的很感謝你的幫助。,3,真的很感謝你的幫助。,meta-llama/Llama-3.1-8B-Instruct,8-shot,3,1
你真會幫忙。,4,你真會幫忙。,meta-llama/Llama-3.1-8B-Instruct,8-shot,4,4
麻煩你了。,2,麻煩你了。,meta-llama/Llama-3.1-8B-Instruct,8-shot,2,1
拜託你幫忙。,3,拜託你幫忙。,meta-llama/Llama-3.1-8B-Instruct,8-shot,3,1
拜託你就這樣幫忙就好。,4,拜託你就這樣幫忙就好。,meta-llama/Llama-3.1-8B-Instruct,8-shot,4,1
祝你今天過得開心。,2,祝你今天過得開心。,meta-llama/Llama-3.1-8B-Instruct,8-shot,2,1
祝你今天過得開心吧。,3,祝你今天過得開心吧。,meta-llama/Llama-3.1-8B-Instruct,8-shot,3,1
真心希望你今天過得開心。,4,真心希望你今天過得開心。,meta-llama/Llama-3.1-8B-Instruct,8-shot,4,1
我們下次再約時間吧。,2,我們下次再約時間吧。,meta-llama/Llama-3.1-8B-Instruct,8-shot,2,1
我們下次再約時間吧。,3,我們下次再約時間吧。,meta-llama/Llama-3.1-8B-Instruct,8-shot,3,1
我們下次再約時間吧。,4,我們下次再約時間吧。,meta-llama/Llama-3.1-8B-Instruct,8-shot,4,1
等五分鐘。,2,等五分鐘。,meta-llama/Llama-3.1-8B-Instruct,8-shot,2,2
等一下五分鐘。,3,等一下五分鐘。,meta-llama/Llama-3.1-8B-Instruct,8-shot,3,2
等五分鐘。,4,等五分鐘。,meta-llama/Llama-3.1-8B-Instruct,8-shot,4,2
明天的公車應該會在時刻表上有提到。,2,明天的公車應該會在時刻表上有提到。,meta-llama/Llama-3.1-8B-Instruct,8-shot,2,2
拜託趕快趕上車。,3,拜託趕快趕上車。,meta-llama/Llama-3.1-8B-Instruct,8-shot,3,3
真希望你能趕上車。,4,真希望你能趕上車。,meta-llama/Llama-3.1-8B-Instruct,8-shot,4,1
這個禮物挑得很棒。,2,這個禮物挑得很棒。,meta-llama/Llama-3.1-8B-Instruct,8-shot,2,1
這個禮物挑得真的是很棒。,3,這個禮物挑得真的是很棒。,meta-llama/Llama-3.1-8B-Instruct,8-shot,3,1
你真會挑禮物，挑得很棒。,4,你真會挑禮物，挑得很棒。,meta-llama/Llama-3.1-8B-Instruct,8-shot,4,1
你很耐心地教導我。,2,你很耐心地教導我。,meta-llama/Llama-3.1-8B-Instruct,8-shot,2,1
你不用謝謝，我只是教導你。,3,你不用謝謝，我只是教導你。,meta-llama/Llama-3.1-8B-Instruct,8-shot,3,3
你真有耐心教導我。,4,你真有耐心教導我。,meta-llama/Llama-3.1-8B-Instruct,8-shot,4,1
明天就可以預約下一次的旅行了。,2,明天就可以預約下一次的旅行了。,meta-llama/Llama-3.1-8B-Instruct,8-shot,2,2
明天就期待明天的旅行。,3,明天就期待明天的旅行。,meta-llama/Llama-3.1-8B-Instruct,8-shot,3,1
真期待下次的旅行。,4,真期待下次的旅行。,meta-llama/Llama-3.1-8B-Instruct,8-shot,4,1
那個路口交通事故發生得挺常見的。,1,那個路口交通事故發生得挺常見的。,meta-llama/Llama-3.1-8B-Instruct,8-shot,1,2
那個路口經常發生交通事故。,3,那個路口經常發生交通事故。,meta-llama/Llama-3.1-8B-Instruct,8-shot,3,2
你真的是天生來就會撞車的路口。,4,你真的是天生來就會撞車的路口。,meta-llama/Llama-3.1-8B-Instruct,8-shot,4,4
這個尺寸對我來說有點太大，麻煩你幫我調整一下。,1,這個尺寸對我來說有點太大，麻煩你幫我調整一下。,meta-llama/Llama-3.1-8B-Instruct,8-shot,1,1
這個尺寸對我來說有點太大了。,3,這個尺寸對我來說有點太大了。,meta-llama/Llama-3.1-8B-Instruct,8-shot,3,2
這個尺寸對我來說有點太大，真的是一把大尺子。,4,這個尺寸對我來說有點太大，真的是一把大尺子。,meta-llama/Llama-3.1-8B-Instruct,8-shot,4,4
這個展覽的展期到下個月底。,1,這個展覽的展期到下個月底。,meta-llama/Llama-3.1-8B-Instruct,8-shot,1,2
明天早上我有事情要早點出門。,3,明天早上我有事情要早點出門。,meta-llama/Llama-3.1-8B-Instruct,8-shot,3,2
明顯的，展覽的展期到下個月底。,4,明顯的，展覽的展期到下個月底。,meta-llama/Llama-3.1-8B-Instruct,8-shot,4,2
我對於這個提議還是比較保留。,1,我對於這個提議還是比較保留。,meta-llama/Llama-3.1-8B-Instruct,8-shot,1,2
我對於這個提議有點疑慮。,3,我對於這個提議有點疑慮。,meta-llama/Llama-3.1-8B-Instruct,8-shot,3,2
你真的是天生來就會做這種事。,4,你真的是天生來就會做這種事。,meta-llama/Llama-3.1-8B-Instruct,8-shot,4,4
這條褲子摸起來真的是很舒服的材質。,1,這條褲子摸起來真的是很舒服的材質。,meta-llama/Llama-3.1-8B-Instruct,8-shot,1,1
這條褲子摸起來真的是太軟了。,3,這條褲子摸起來真的是太軟了。,meta-llama/Llama-3.1-8B-Instruct,8-shot,3,1
這條褲子摸起來就像是一塊軟塊。,4,這條褲子摸起來就像是一塊軟塊。,meta-llama/Llama-3.1-8B-Instruct,8-shot,4,4
不用勉強，自己做就好。,1,不用勉強，自己做就好。,meta-llama/Llama-3.1-8B-Instruct,8-shot,1,1
拜託你別再說了，我自己做就好。,3,拜託你別再說了，我自己做就好。,meta-llama/Llama-3.1-8B-Instruct,8-shot,3,3
你真的是天生來就該做這個事。,4,你真的是天生來就該做這個事。,meta-llama/Llama-3.1-8B-Instruct,8-shot,4,4
不好意思，我下個月的行程還沒確定。,1,不好意思，我下個月的行程還沒確定。,meta-llama/Llama-3.1-8B-Instruct,8-shot,1,1
明天我會告訴你下個月的行程安排。,3,明天我會告訴你下個月的行程安排。,meta-llama/Llama-3.1-8B-Instruct,8-shot,3,2
明顯你還不知道下個月的行程。,4,明顯你還不知道下個月的行程。,meta-llama/Llama-3.1-8B-Instruct,8-shot,4,3
不好意思，紅綠燈好像壞掉了。,1,不好意思，紅綠燈好像壞掉了。,meta-llama/Llama-3.1-8B-Instruct,8-shot,1,1
紅綠燈壞掉了，快停車。,3,紅綠燈壞掉了，快停車。,meta-llama/Llama-3.1-8B-Instruct,8-shot,3,3
路口的紅綠燈好像壞掉了。,4,路口的紅綠燈好像壞掉了。,meta-llama/Llama-3.1-8B-Instruct,8-shot,4,2
不用急，慢慢來就好，安全重要。,1,不用急，慢慢來就好，安全重要。,meta-llama/Llama-3.1-8B-Instruct,8-shot,1,1
我們該準備出發了吧。,3,我們該準備出發了吧。,meta-llama/Llama-3.1-8B-Instruct,8-shot,3,2
我們該準備出發了吧。,4,我們該準備出發了吧。,meta-llama/Llama-3.1-8B-Instruct,8-shot,4,2
不好意思，燈光在那邊稍微暗了一點。,1,不好意思，燈光在那邊稍微暗了一點。,meta-llama/Llama-3.1-8B-Instruct,8-shot,1,1
那邊的燈光明明就暗了。,3,那邊的燈光明明就暗了。,meta-llama/Llama-3.1-8B-Instruct,8-shot,3,3
你不覺得那邊的燈光暗得很誇張嗎？,4,你不覺得那邊的燈光暗得很誇張嗎？,meta-llama/Llama-3.1-8B-Instruct,8-shot,4,3
不好意思，我們是不是忘記買醬油了？,1,不好意思，我們是不是忘記買醬油了？,meta-llama/Llama-3.1-8B-Instruct,8-shot,1,1
拜託，醬油怎麼還沒買？,3,拜託，醬油怎麼還沒買？,meta-llama/Llama-3.1-8B-Instruct,8-shot,3,3
你真的是笨蛋，忘記買醬油還問我。,4,你真的是笨蛋，忘記買醬油還問我。,meta-llama/Llama-3.1-8B-Instruct,8-shot,4,3
這雙鞋子穿起來真的很舒服喔。,1,這雙鞋子穿起來真的很舒服喔。,meta-llama/Llama-3.1-8B-Instruct,8-shot,1,1
這雙鞋子穿起來真的是很舒服。,3,這雙鞋子穿起來真的是很舒服。,meta-llama/Llama-3.1-8B-Instruct,8-shot,3,1
你穿這雙鞋子一定很有錢。,4,你穿這雙鞋子一定很有錢。,meta-llama/Llama-3.1-8B-Instruct,8-shot,4,4
不好意思，我對那個地方不太熟悉耶。,1,不好意思，我對那個地方不太熟悉耶。,meta-llama/Llama-3.1-8B-Instruct,8-shot,1,1
我不太清楚那個地方的路線。,3,我不太清楚那個地方的路線。,meta-llama/Llama-3.1-8B-Instruct,8-shot,3,2
你不太了解那個地方。,4,你不太了解那個地方。,meta-llama/Llama-3.1-8B-Instruct,8-shot,4,2
不好意思還是等著他們的確認信件。,1,不好意思還是等著他們的確認信件。,meta-llama/Llama-3.1-8B-Instruct,8-shot,1,1
我還在等他們的確認信件。,3,我還在等他們的確認信件。,meta-llama/Llama-3.1-8B-Instruct,8-shot,3,2
明顯地，我們還在等他們的確認信件。,4,明顯地，我們還在等他們的確認信件。,meta-llama/Llama-3.1-8B-Instruct,8-shot,4,2
這兩件衣服的款式差不多，謝謝你幫我比較。,1,這兩件衣服的款式差不多，謝謝你幫我比較。,meta-llama/Llama-3.1-8B-Instruct,8-shot,1,1
這兩件衣服的款式差不多，真的不錯。,3,這兩件衣服的款式差不多，真的不錯。,meta-llama/Llama-3.1-8B-Instruct,8-shot,3,1
這兩件衣服的款式完全雷同。,4,這兩件衣服的款式完全雷同。,meta-llama/Llama-3.1-8B-Instruct,8-shot,4,2
麻煩你幫我們再買一些延長線。,1,麻煩你幫我們再買一些延長線。,meta-llama/Llama-3.1-8B-Instruct,8-shot,1,1
我們需要再買一些延長線。,3,我們需要再買一些延長線。,meta-llama/Llama-3.1-8B-Instruct,8-shot,3,2
你們真的是蠻笨的，還不知道自己需要再買延長線。,4,你們真的是蠻笨的，還不知道自己需要再買延長線。,meta-llama/Llama-3.1-8B-Instruct,8-shot,4,4
不好意思，我想知道附近的公車站牌在哪裡。,1,不好意思，我想知道附近的公車站牌在哪裡。,meta-llama/Llama-3.1-8B-Instruct,8-shot,1,1
你可以在附近的路上看到公車站牌。,3,你可以在附近的路上看到公車站牌。,meta-llama/Llama-3.1-8B-Instruct,8-shot,3,2
你不知道這附近的公車站牌在哪裡？,4,你不知道這附近的公車站牌在哪裡？,meta-llama/Llama-3.1-8B-Instruct,8-shot,4,2
不用急，我還需要再想一下這件事情。,1,不用急，我還需要再想一下這件事情。,meta-llama/Llama-3.1-8B-Instruct,8-shot,1,1
我需要再想一想這件事情。,3,我需要再想一想這件事情。,meta-llama/Llama-3.1-8B-Instruct,8-shot,3,2
這件事情我需要再想一想，慢慢來就好。,4,這件事情我需要再想一想，慢慢來就好。,meta-llama/Llama-3.1-8B-Instruct,8-shot,4,1
不好意思，我今天出門忘記帶雨傘了。,1,不好意思，我今天出門忘記帶雨傘了。,meta-llama/Llama-3.1-8B-Instruct,8-shot,1,1
拜託你快幫我買一把雨傘。,3,拜託你快幫我買一把雨傘。,meta-llama/Llama-3.1-8B-Instruct,8-shot,3,1
真的是一點也不幸運，今天出門忘記帶雨傘了。,4,真的是一點也不幸運，今天出門忘記帶雨傘了。,meta-llama/Llama-3.1-8B-Instruct,8-shot,4,2
這個價錢應該是可以在預算內的。,1,這個價錢應該是可以在預算內的。,meta-llama/Llama-3.1-8B-Instruct,8-shot,1,2
這個價錢在預算範圍之內。,3,這個價錢在預算範圍之內。,meta-llama/Llama-3.1-8B-Instruct,8-shot,3,2
這個價錢完全符合預算。,4,這個價錢完全符合預算。,meta-llama/Llama-3.1-8B-Instruct,8-shot,4,2
不用急，我先去洗個手等等再來吃。,1,不用急，我先去洗個手等等再來吃。,meta-llama/Llama-3.1-8B-Instruct,8-shot,1,1
你先等著，我先去洗個手再來吃。,3,你先等著，我先去洗個手再來吃。,meta-llama/Llama-3.1-8B-Instruct,8-shot,3,2
你真的是很不耐煩的樣子，先去洗個手等等再來吃吧。,4,你真的是很不耐煩的樣子，先去洗個手等等再來吃吧。,meta-llama/Llama-3.1-8B-Instruct,8-shot,4,3
不用急，我等等就會把這封信寄出去。,1,不用急，我等等就會把這封信寄出去。,meta-llama/Llama-3.1-8B-Instruct,8-shot,1,1
我要把這封信寄出去。,3,我要把這封信寄出去。,meta-llama/Llama-3.1-8B-Instruct,8-shot,3,2
明天我就要把這封信寄出去。,4,明天我就要把這封信寄出去。,meta-llama/Llama-3.1-8B-Instruct,8-shot,4,2
真的很抱歉，外面的雨好像已經停了。,1,真的很抱歉，外面的雨好像已經停了。,meta-llama/Llama-3.1-8B-Instruct,8-shot,1,1
外面的雨好像已經停了。,3,外面的雨好像已經停了。,meta-llama/Llama-3.1-8B-Instruct,8-shot,3,2
你居然還不知道外面下了多少天的雨。,4,你居然還不知道外面下了多少天的雨。,meta-llama/Llama-3.1-8B-Instruct,8-shot,4,4
不用急，我先把這段話記錄下來。,1,不用急，我先把這段話記錄下來。,meta-llama/Llama-3.1-8B-Instruct,8-shot,1,1
我先把這段話記錄下來。,3,我先把這段話記錄下來。,meta-llama/Llama-3.1-8B-Instruct,8-shot,3,2
你還記得這段話嗎？,4,你還記得這段話嗎？,meta-llama/Llama-3.1-8B-Instruct,8-shot,4,2
不用太在意，反正也沒關係。,1,不用太在意，反正也沒關係。,meta-llama/Llama-3.1-8B-Instruct,8-shot,1,2
拜託你別這樣說，反正也沒差。,3,拜託你別這樣說，反正也沒差。,meta-llama/Llama-3.1-8B-Instruct,8-shot,3,3
你不是笨蛋，反正也沒差。,4,你不是笨蛋，反正也沒差。,meta-llama/Llama-3.1-8B-Instruct,8-shot,4,4
不用急，我晚一點才會回到家。,1,不用急，我晚一點才會回到家。,meta-llama/Llama-3.1-8B-Instruct,8-shot,1,1
你應該等我一下，我晚一點才會回到家。,3,你應該等我一下，我晚一點才會回到家。,meta-llama/Llama-3.1-8B-Instruct,8-shot,3,2
你還是慢慢等著，我晚一點才會回到家。,4,你還是慢慢等著，我晚一點才會回到家。,meta-llama/Llama-3.1-8B-Instruct,8-shot,4,2
不用擔心，最後的結果都是一樣的。,1,不用擔心，最後的結果都是一樣的。,meta-llama/Llama-3.1-8B-Instruct,8-shot,1,3
你到底有沒有點誠意？,3,你到底有沒有點誠意？,meta-llama/Llama-3.1-8B-Instruct,8-shot,3,3
你不是笨蛋，最後都一樣。,4,你不是笨蛋，最後都一樣。,meta-llama/Llama-3.1-8B-Instruct,8-shot,4,4
不用太認真吧。,1,不用太認真吧。,meta-llama/Llama-3.1-8B-Instruct,8-shot,1,4
你不用太認真就好。,3,你不用太認真就好。,meta-llama/Llama-3.1-8B-Instruct,8-shot,3,2
你根本不用這麼認真。,4,你根本不用這麼認真。,meta-llama/Llama-3.1-8B-Instruct,8-shot,4,3
不用勉強就好。,1,不用勉強就好。,meta-llama/Llama-3.1-8B-Instruct,8-shot,1,1
你根本不用勉強就能通過。,3,你根本不用勉強就能通過。,meta-llama/Llama-3.1-8B-Instruct,8-shot,3,2
你根本不用勉強就能過關。,4,你根本不用勉強就能過關。,meta-llama/Llama-3.1-8B-Instruct,8-shot,4,2
不用介意，隨便就好。,1,不用介意，隨便就好。,meta-llama/Llama-3.1-8B-Instruct,8-shot,1,1
你就隨便吧。,3,你就隨便吧。,meta-llama/Llama-3.1-8B-Instruct,8-shot,3,3
你真的是一個天才，能夠如此隨便。,4,你真的是一個天才，能夠如此隨便。,meta-llama/Llama-3.1-8B-Instruct,8-shot,4,4
不用擔心，應該還可以的。,1,不用擔心，應該還可以的。,meta-llama/Llama-3.1-8B-Instruct,8-shot,1,1
應該還可以的。,3,應該還可以的。,meta-llama/Llama-3.1-8B-Instruct,8-shot,3,2
你還行得通。,4,你還行得通。,meta-llama/Llama-3.1-8B-Instruct,8-shot,4,3
我知道了。,1,我知道了。,meta-llama/Llama-3.1-8B-Instruct,8-shot,1,2
知道了。,3,知道了。,meta-llama/Llama-3.1-8B-Instruct,8-shot,3,2
你還真會聽懂。,4,你還真會聽懂。,meta-llama/Llama-3.1-8B-Instruct,8-shot,4,4
你高興就好，謝謝你。,1,你高興就好，謝謝你。,meta-llama/Llama-3.1-8B-Instruct,8-shot,1,1
你高興就好。,3,你高興就好。,meta-llama/Llama-3.1-8B-Instruct,8-shot,3,3
你真的是一副高興的樣子。,4,你真的是一副高興的樣子。,meta-llama/Llama-3.1-8B-Instruct,8-shot,4,4
真是不好意思說出這樣的話。,1,真是不好意思說出這樣的話。,meta-llama/Llama-3.1-8B-Instruct,8-shot,1,1
你居然還不知道這件事。,3,你居然還不知道這件事。,meta-llama/Llama-3.1-8B-Instruct,8-shot,3,3
真的是天才，能夠如此順利地說出這句話。,4,真的是天才，能夠如此順利地說出這句話。,meta-llama/Llama-3.1-8B-Instruct,8-shot,4,4
真的很抱歉，笑得太厲害了。,1,真的很抱歉，笑得太厲害了。,meta-llama/Llama-3.1-8B-Instruct,8-shot,1,1
拜託你快點笑一笑。,3,拜託你快點笑一笑。,meta-llama/Llama-3.1-8B-Instruct,8-shot,3,1
你笑得真有夠瘋狂。,4,你笑得真有夠瘋狂。,meta-llama/Llama-3.1-8B-Instruct,8-shot,4,4
是的。,1,是的。,meta-llama/Llama-3.1-8B-Instruct,8-shot,1,2
什麼事？,3,什麼事？,meta-llama/Llama-3.1-8B-Instruct,8-shot,3,2
你根本就不知道自己在說什麼。,4,你根本就不知道自己在說什麼。,meta-llama/Llama-3.1-8B-Instruct,8-shot,4,3
真的很抱歉，我不知道你在說什麼。,1,真的很抱歉，我不知道你在說什麼。,meta-llama/Llama-3.1-8B-Instruct,8-shot,1,2
你根本就不想說話。,3,你根本就不想說話。,meta-llama/Llama-3.1-8B-Instruct,8-shot,3,3
你根本就不會唱歌。,4,你根本就不會唱歌。,meta-llama/Llama-3.1-8B-Instruct,8-shot,4,3
不好意思，算了吧。,1,不好意思，算了吧。,meta-llama/Llama-3.1-8B-Instruct,8-shot,1,1
拜託你別這樣。,3,拜託你別這樣。,meta-llama/Llama-3.1-8B-Instruct,8-shot,3,3
你根本就不想做。,4,你根本就不想做。,meta-llama/Llama-3.1-8B-Instruct,8-shot,4,3
喔。,1,喔。,meta-llama/Llama-3.1-8B-Instruct,8-shot,1,2
什麼事？,3,什麼事？,meta-llama/Llama-3.1-8B-Instruct,8-shot,3,2
什麼？,4,什麼？,meta-llama/Llama-3.1-8B-Instruct,8-shot,4,2
不好意思，麻煩你能告訴我你現在的狀況是什麼？,1,不好意思，麻煩你能告訴我你現在的狀況是什麼？,meta-llama/Llama-3.1-8B-Instruct,8-shot,1,1
你到底有沒有搞清楚現在的狀況？,2,你到底有沒有搞清楚現在的狀況？,meta-llama/Llama-3.1-8B-Instruct,8-shot,2,3
你到底有沒有搞清楚現在的狀況？,4,你到底有沒有搞清楚現在的狀況？,meta-llama/Llama-3.1-8B-Instruct,8-shot,4,3
真的很抱歉，麻煩你別再浪費我的口水跟我解釋了。,1,真的很抱歉，麻煩你別再浪費我的口水跟我解釋了。,meta-llama/Llama-3.1-8B-Instruct,8-shot,1,4
你不需要我再解釋了。,2,你不需要我再解釋了。,meta-llama/Llama-3.1-8B-Instruct,8-shot,2,3
你真的是天生笨蛋，連解釋都需要別人浪費口水給你。,4,你真的是天生笨蛋，連解釋都需要別人浪費口水給你。,meta-llama/Llama-3.1-8B-Instruct,8-shot,4,4
真的很抱歉你會這樣感受到。,1,真的很抱歉你會這樣感受到。,meta-llama/Llama-3.1-8B-Instruct,8-shot,1,1
你這種態度讓人很想翻白眼。,2,你這種態度讓人很想翻白眼。,meta-llama/Llama-3.1-8B-Instruct,8-shot,2,4
你這種態度，真的是天生來配不上做人。,4,你這種態度，真的是天生來配不上做人。,meta-llama/Llama-3.1-8B-Instruct,8-shot,4,4
這種處理方式我真的很難接受。,1,這種處理方式我真的很難接受。,meta-llama/Llama-3.1-8B-Instruct,8-shot,1,3
這種處理方式我完全無法接受。,2,這種處理方式我完全無法接受。,meta-llama/Llama-3.1-8B-Instruct,8-shot,2,3
你真的是天生來就該這樣做的。,4,你真的是天生來就該這樣做的。,meta-llama/Llama-3.1-8B-Instruct,8-shot,4,4
真的很抱歉，能不能在別的時候說這樣的話呢？,1,真的很抱歉，能不能在別的時候說這樣的話呢？,meta-llama/Llama-3.1-8B-Instruct,8-shot,1,1
你一定要在這種時候潑冷水嗎？,2,你一定要在這種時候潑冷水嗎？,meta-llama/Llama-3.1-8B-Instruct,8-shot,2,3
"你一定要在這種時候潑冷水嗎？（語氣等級 1）
你一定要在這種時候潑冷水嗎？（語氣等級 2）
拜託你別在這種時候潑冷水了。（語氣等級 3）
你一定是來潑冷水的時候了，真的是來得正好。（語氣等級 4）",4,"你一定要在這種時候潑冷水嗎？（語氣等級 1）
你一定要在這種時候潑冷水嗎？（語氣等級 2）
拜託你別在這種時候潑冷水了。（語氣等級 3）
你一定是來潑冷水的時候了，真的是來得正好。（語氣等級 4）",meta-llama/Llama-3.1-8B-Instruct,8-shot,4,1
不好意思，麻煩你能不能不要一直在那邊鬼打牆？,1,不好意思，麻煩你能不能不要一直在那邊鬼打牆？,meta-llama/Llama-3.1-8B-Instruct,8-shot,1,3
明明有事要做卻一直在那邊鬼打牆。,2,明明有事要做卻一直在那邊鬼打牆。,meta-llama/Llama-3.1-8B-Instruct,8-shot,2,3
你不是笨蛋，才會一直在那邊鬼打牆吧,4,你不是笨蛋，才會一直在那邊鬼打牆吧,meta-llama/Llama-3.1-8B-Instruct,8-shot,4,4
這種玩笑其實不太有趣。,1,這種玩笑其實不太有趣。,meta-llama/Llama-3.1-8B-Instruct,8-shot,1,3
這種玩笑實在不夠有趣。,2,這種玩笑實在不夠有趣。,meta-llama/Llama-3.1-8B-Instruct,8-shot,2,3
你一定是天生無聊才會覺得這種玩笑好笑。,4,你一定是天生無聊才會覺得這種玩笑好笑。,meta-llama/Llama-3.1-8B-Instruct,8-shot,4,4
不好意思，我想知道你是否尊重我的意見。,1,不好意思，我想知道你是否尊重我的意見。,meta-llama/Llama-3.1-8B-Instruct,8-shot,1,1
你有沒有尊重我的意見？,2,你有沒有尊重我的意見？,meta-llama/Llama-3.1-8B-Instruct,8-shot,2,3
你到底有沒有在尊重我的意見？,4,你到底有沒有在尊重我的意見？,meta-llama/Llama-3.1-8B-Instruct,8-shot,4,3
你不覺得這樣的說法太誇張了嗎？,1,你不覺得這樣的說法太誇張了嗎？,meta-llama/Llama-3.1-8B-Instruct,8-shot,1,3
你以為世界是繞著你在轉的嗎？,2,你以為世界是繞著你在轉的嗎？,meta-llama/Llama-3.1-8B-Instruct,8-shot,2,4
你以為世界是繞著你在轉的嗎？（原句已經是語氣等級 4）,4,你以為世界是繞著你在轉的嗎？（原句已經是語氣等級 4）,meta-llama/Llama-3.1-8B-Instruct,8-shot,4,4
這種低級的謊言你也敢說出口，真的很抱歉。,1,這種低級的謊言你也敢說出口，真的很抱歉。,meta-llama/Llama-3.1-8B-Instruct,8-shot,1,4
這種低級的謊言你敢說出口。,2,這種低級的謊言你敢說出口。,meta-llama/Llama-3.1-8B-Instruct,8-shot,2,3
你真的是天生一位大偉人，說出這種低級的謊言。,4,你真的是天生一位大偉人，說出這種低級的謊言。,meta-llama/Llama-3.1-8B-Instruct,8-shot,4,4
拜託你別再給我製造麻煩了。,1,拜託你別再給我製造麻煩了。,meta-llama/Llama-3.1-8B-Instruct,8-shot,1,3
拜託你不要再給我製造麻煩了。,2,拜託你不要再給我製造麻煩了。,meta-llama/Llama-3.1-8B-Instruct,8-shot,2,3
拜託你別再給我製造麻煩了。,4,拜託你別再給我製造麻煩了。,meta-llama/Llama-3.1-8B-Instruct,8-shot,4,3
這種攤子你自己想辦法收拾吧。,1,這種攤子你自己想辦法收拾吧。,meta-llama/Llama-3.1-8B-Instruct,8-shot,1,3
這種攤子需要你自己來收拾。,2,這種攤子需要你自己來收拾。,meta-llama/Llama-3.1-8B-Instruct,8-shot,2,3
你真的是天生來就會管理這種爛攤子的料。,4,你真的是天生來就會管理這種爛攤子的料。,meta-llama/Llama-3.1-8B-Instruct,8-shot,4,4
不好意思，你的做事態度真的很不專業。,1,不好意思，你的做事態度真的很不專業。,meta-llama/Llama-3.1-8B-Instruct,8-shot,1,3
你這種做事態度不太好。,2,你這種做事態度不太好。,meta-llama/Llama-3.1-8B-Instruct,8-shot,2,3
你這種做事態度真的是專業度不夠。,4,你這種做事態度真的是專業度不夠。,meta-llama/Llama-3.1-8B-Instruct,8-shot,4,3
你真是可憐到讓人無話可說。,1,你真是可憐到讓人無話可說。,meta-llama/Llama-3.1-8B-Instruct,8-shot,1,4
你真的很可憐。,2,你真的很可憐。,meta-llama/Llama-3.1-8B-Instruct,8-shot,2,4
你真的是天生一副讓人無話可說的模樣。,4,你真的是天生一副讓人無話可說的模樣。,meta-llama/Llama-3.1-8B-Instruct,8-shot,4,4
真的很抱歉，我們希望你能夠有點責任感。,1,真的很抱歉，我們希望你能夠有點責任感。,meta-llama/Llama-3.1-8B-Instruct,8-shot,1,3
你應該有點責任感吧。,2,你應該有點責任感吧。,meta-llama/Llama-3.1-8B-Instruct,8-shot,2,3
你到底有沒有一點責任感啊？,4,你到底有沒有一點責任感啊？,meta-llama/Llama-3.1-8B-Instruct,8-shot,4,3
真的很抱歉，我已經對你失望透頂了。,1,真的很抱歉，我已經對你失望透頂了。,meta-llama/Llama-3.1-8B-Instruct,8-shot,1,3
我對你真的已經失望透頂了。,2,我對你真的已經失望透頂了。,meta-llama/Llama-3.1-8B-Instruct,8-shot,2,3
你不是笨蛋，才會讓我對你失望透頂。,4,你不是笨蛋，才會讓我對你失望透頂。,meta-llama/Llama-3.1-8B-Instruct,8-shot,4,4
不好意思你有沒有在聽人講話啊？,1,不好意思你有沒有在聽人講話啊？,meta-llama/Llama-3.1-8B-Instruct,8-shot,1,3
你到底有沒有在聽人講話啊？,2,你到底有沒有在聽人講話啊？,meta-llama/Llama-3.1-8B-Instruct,8-shot,2,3
你到底有沒有在聽人講話啊？,4,你到底有沒有在聽人講話啊？,meta-llama/Llama-3.1-8B-Instruct,8-shot,4,3
真的很抱歉，麻煩你別再挑戰我的底線了。,1,真的很抱歉，麻煩你別再挑戰我的底線了。,meta-llama/Llama-3.1-8B-Instruct,8-shot,1,3
拜託你別再挑戰我的底線了。,2,拜託你別再挑戰我的底線了。,meta-llama/Llama-3.1-8B-Instruct,8-shot,2,3
你真的是很有膽量，挑戰我的底線。,4,你真的是很有膽量，挑戰我的底線。,meta-llama/Llama-3.1-8B-Instruct,8-shot,4,4
真的很抱歉，麻煩你不要再干擾我的生活了。,1,真的很抱歉，麻煩你不要再干擾我的生活了。,meta-llama/Llama-3.1-8B-Instruct,8-shot,1,3
拜託你不要再干擾我的生活了。,2,拜託你不要再干擾我的生活了。,meta-llama/Llama-3.1-8B-Instruct,8-shot,2,3
拜託你別再來搗亂我的生活了。,4,拜託你別再來搗亂我的生活了。,meta-llama/Llama-3.1-8B-Instruct,8-shot,4,3
真的很抱歉，但我想你可能會誤會我的意思。,1,真的很抱歉，但我想你可能會誤會我的意思。,meta-llama/Llama-3.1-8B-Instruct,8-shot,1,1
你以為裝傻就能蒙混過關？,2,你以為裝傻就能蒙混過關？,meta-llama/Llama-3.1-8B-Instruct,8-shot,2,4
你裝傻的本事還不夠好，還想混過去？,4,你裝傻的本事還不夠好，還想混過去？,meta-llama/Llama-3.1-8B-Instruct,8-shot,4,4
真的很抱歉跟你合作的經驗不太好。,1,真的很抱歉跟你合作的經驗不太好。,meta-llama/Llama-3.1-8B-Instruct,8-shot,1,3
跟你合作的經驗非常糟糕。,2,跟你合作的經驗非常糟糕。,meta-llama/Llama-3.1-8B-Instruct,8-shot,2,3
你真的是天生的災難製造者。,4,你真的是天生的災難製造者。,meta-llama/Llama-3.1-8B-Instruct,8-shot,4,4
真的希望你能稍微有點長進啊。,1,真的希望你能稍微有點長進啊。,meta-llama/Llama-3.1-8B-Instruct,8-shot,1,4
你能不能稍微有點長進啊？,2,你能不能稍微有點長進啊？,meta-llama/Llama-3.1-8B-Instruct,8-shot,2,3
你就是天生來就該這樣嗎？,4,你就是天生來就該這樣嗎？,meta-llama/Llama-3.1-8B-Instruct,8-shot,4,4
不好意思問你這個問題。,1,不好意思問你這個問題。,meta-llama/Llama-3.1-8B-Instruct,8-shot,1,1
你有沒有什麼問題？,2,你有沒有什麼問題？,meta-llama/Llama-3.1-8B-Instruct,8-shot,2,2
你是不是有問題？,4,你是不是有問題？,meta-llama/Llama-3.1-8B-Instruct,8-shot,4,3
不好意思，我不太清楚你在問什麼事。,1,不好意思，我不太清楚你在問什麼事。,meta-llama/Llama-3.1-8B-Instruct,8-shot,1,1
我不關心這件事。,2,我不關心這件事。,meta-llama/Llama-3.1-8B-Instruct,8-shot,2,3
你真的是天生來就該當個無所事事的人。,4,你真的是天生來就該當個無所事事的人。,meta-llama/Llama-3.1-8B-Instruct,8-shot,4,4
真的很抱歉，完全沒有用處。,1,真的很抱歉，完全沒有用處。,meta-llama/Llama-3.1-8B-Instruct,8-shot,1,4
沒有任何用處。,2,沒有任何用處。,meta-llama/Llama-3.1-8B-Instruct,8-shot,2,3
你連一點用都沒有。,4,你連一點用都沒有。,meta-llama/Llama-3.1-8B-Instruct,8-shot,4,3
不好意思，麻煩你別在這裡添亂。,1,不好意思，麻煩你別在這裡添亂。,meta-llama/Llama-3.1-8B-Instruct,8-shot,1,3
別在這裡添亂，麻煩你別亂放東西。,2,別在這裡添亂，麻煩你別亂放東西。,meta-llama/Llama-3.1-8B-Instruct,8-shot,2,3
你真會亂添亂。,4,你真會亂添亂。,meta-llama/Llama-3.1-8B-Instruct,8-shot,4,3
不好意思你覺得我很沒用。,1,不好意思你覺得我很沒用。,meta-llama/Llama-3.1-8B-Instruct,8-shot,1,3
你做得不夠好。,2,你做得不夠好。,meta-llama/Llama-3.1-8B-Instruct,8-shot,2,3
你真的是個完全不靠譜的人。,4,你真的是個完全不靠譜的人。,meta-llama/Llama-3.1-8B-Instruct,8-shot,4,4
麻煩你別再靠近我了。,1,麻煩你別再靠近我了。,meta-llama/Llama-3.1-8B-Instruct,8-shot,1,3
別再靠近我了。,2,別再靠近我了。,meta-llama/Llama-3.1-8B-Instruct,8-shot,2,3
拜託你別再靠近我了。,4,拜託你別再靠近我了。,meta-llama/Llama-3.1-8B-Instruct,8-shot,4,3
不好意思，你可以不用在這裡待著。,1,不好意思，你可以不用在這裡待著。,meta-llama/Llama-3.1-8B-Instruct,8-shot,1,3
拜託你別在這裡亂跑。,2,拜託你別在這裡亂跑。,meta-llama/Llama-3.1-8B-Instruct,8-shot,2,3
你真會裝在這裡。,4,你真會裝在這裡。,meta-llama/Llama-3.1-8B-Instruct,8-shot,4,4
不好意思，我不想聽你說。,1,不好意思，我不想聽你說。,meta-llama/Llama-3.1-8B-Instruct,8-shot,1,3
你不用說我就知道。,2,你不用說我就知道。,meta-llama/Llama-3.1-8B-Instruct,8-shot,2,4
你真會說話。,4,你真會說話。,meta-llama/Llama-3.1-8B-Instruct,8-shot,4,4
這不是廢話嗎？（語氣等級 4）,1,這不是廢話嗎？（語氣等級 4）,meta-llama/Llama-3.1-8B-Instruct,8-shot,1,4
這不是廢話嗎？,2,這不是廢話嗎？,meta-llama/Llama-3.1-8B-Instruct,8-shot,2,4
你不是笨，你只是把天賦全部拿去說廢話了,4,你不是笨，你只是把天賦全部拿去說廢話了,meta-llama/Llama-3.1-8B-Instruct,8-shot,4,4
不好意思你要離開了。,1,不好意思你要離開了。,meta-llama/Llama-3.1-8B-Instruct,8-shot,1,1
拜託你快點離開。,2,拜託你快點離開。,meta-llama/Llama-3.1-8B-Instruct,8-shot,2,3
你可以滾了，拜託快離開。,4,你可以滾了，拜託快離開。,meta-llama/Llama-3.1-8B-Instruct,8-shot,4,3
不好意思麻煩你別拖我下水。,1,不好意思麻煩你別拖我下水。,meta-llama/Llama-3.1-8B-Instruct,8-shot,1,3
別拖我下水。,2,別拖我下水。,meta-llama/Llama-3.1-8B-Instruct,8-shot,2,3
拜託你別拖我下水。,4,拜託你別拖我下水。,meta-llama/Llama-3.1-8B-Instruct,8-shot,4,3
不好意思你覺得我煩。,1,不好意思你覺得我煩。,meta-llama/Llama-3.1-8B-Instruct,8-shot,1,1
你真的很煩。,2,你真的很煩。,meta-llama/Llama-3.1-8B-Instruct,8-shot,2,3
你就是這麼一回事。,4,你就是這麼一回事。,meta-llama/Llama-3.1-8B-Instruct,8-shot,4,3
對不起，我覺得你多餘。,1,對不起，我覺得你多餘。,meta-llama/Llama-3.1-8B-Instruct,8-shot,1,3
你根本不需要在這裡。,2,你根本不需要在這裡。,meta-llama/Llama-3.1-8B-Instruct,8-shot,2,3
你根本多餘，還不如說你根本不需要存在。,4,你根本多餘，還不如說你根本不需要存在。,meta-llama/Llama-3.1-8B-Instruct,8-shot,4,4
不好意思他教得不是很好。,1,不好意思他教得不是很好。,meta-llama/Llama-3.1-8B-Instruct,8-shot,1,3
他教學的方法有待改進。,2,他教學的方法有待改進。,meta-llama/Llama-3.1-8B-Instruct,8-shot,2,2
你教得真的是超爛。,4,你教得真的是超爛。,meta-llama/Llama-3.1-8B-Instruct,8-shot,4,3
不好意思，我現在有點忙。,1,不好意思，我現在有點忙。,meta-llama/Llama-3.1-8B-Instruct,8-shot,1,1
你現在不需要我的幫助。,2,你現在不需要我的幫助。,meta-llama/Llama-3.1-8B-Instruct,8-shot,2,2
你真有空理我。,4,你真有空理我。,meta-llama/Llama-3.1-8B-Instruct,8-shot,4,4
不用擔心了，真的很好。,1,不用擔心了，真的很好。,meta-llama/Llama-3.1-8B-Instruct,8-shot,1,1
好了吧。,2,好了吧。,meta-llama/Llama-3.1-8B-Instruct,8-shot,2,3
你還是這麼天真。,4,你還是這麼天真。,meta-llama/Llama-3.1-8B-Instruct,8-shot,4,4
不好意思麻煩你別來礙眼。,1,不好意思麻煩你別來礙眼。,meta-llama/Llama-3.1-8B-Instruct,8-shot,1,3
別來礙眼。,2,別來礙眼。,meta-llama/Llama-3.1-8B-Instruct,8-shot,2,3
你來礙眼。,4,你來礙眼。,meta-llama/Llama-3.1-8B-Instruct,8-shot,4,3
你這樣做的確是很有禮貌，好像有動保協會在保護你嗎？,1,你這樣做的確是很有禮貌，好像有動保協會在保護你嗎？,meta-llama/Llama-3.1-8B-Instruct,8-shot,1,4
你這麼囂張，到底有什麼保證？,2,你這麼囂張，到底有什麼保證？,meta-llama/Llama-3.1-8B-Instruct,8-shot,2,3
拜託你別這樣囂張了，好像有動保協會在保護你似的。,3,拜託你別這樣囂張了，好像有動保協會在保護你似的。,meta-llama/Llama-3.1-8B-Instruct,8-shot,3,4
你站在那裡就像一個行走的失敗案例，真的很抱歉說這樣。,1,你站在那裡就像一個行走的失敗案例，真的很抱歉說這樣。,meta-llama/Llama-3.1-8B-Instruct,8-shot,1,4
你站在那裡就像一個行走的失敗案例。,2,你站在那裡就像一個行走的失敗案例。,meta-llama/Llama-3.1-8B-Instruct,8-shot,2,4
你站在那裡就像個行走的失敗案例。,3,你站在那裡就像個行走的失敗案例。,meta-llama/Llama-3.1-8B-Instruct,8-shot,3,4
你唱K的聲音真的是讓人重新珍惜安靜。,1,你唱K的聲音真的是讓人重新珍惜安靜。,meta-llama/Llama-3.1-8B-Instruct,8-shot,1,4
你唱K的聲音讓全場重新珍惜安靜。,2,你唱K的聲音讓全場重新珍惜安靜。,meta-llama/Llama-3.1-8B-Instruct,8-shot,2,4
你唱K的聲音能讓全場重新珍惜安靜。,3,你唱K的聲音能讓全場重新珍惜安靜。,meta-llama/Llama-3.1-8B-Instruct,8-shot,3,4
你交上來的報告讓垃圾桶都有了尊嚴，謝謝你。,1,你交上來的報告讓垃圾桶都有了尊嚴，謝謝你。,meta-llama/Llama-3.1-8B-Instruct,8-shot,1,4
你交上來的報告讓垃圾桶都有了尊嚴。,2,你交上來的報告讓垃圾桶都有了尊嚴。,meta-llama/Llama-3.1-8B-Instruct,8-shot,2,4
你交上來的報告讓垃圾桶都有了尊嚴。,3,你交上來的報告讓垃圾桶都有了尊嚴。,meta-llama/Llama-3.1-8B-Instruct,8-shot,3,4
真的很抱歉說這個話，但你知道你是直腸子，但也不能用嘴拉吧？,1,真的很抱歉說這個話，但你知道你是直腸子，但也不能用嘴拉吧？,meta-llama/Llama-3.1-8B-Instruct,8-shot,1,4
你不能用嘴拉直腸。,2,你不能用嘴拉直腸。,meta-llama/Llama-3.1-8B-Instruct,8-shot,2,4
拜託你別用嘴拉直腸子。,3,拜託你別用嘴拉直腸子。,meta-llama/Llama-3.1-8B-Instruct,8-shot,3,4
別人沉默是修養，喔，你沉默是讓人舒爽。,1,別人沉默是修養，喔，你沉默是讓人舒爽。,meta-llama/Llama-3.1-8B-Instruct,8-shot,1,4
別人沉默是修養，你沉默是讓人舒爽。,2,別人沉默是修養，你沉默是讓人舒爽。,meta-llama/Llama-3.1-8B-Instruct,8-shot,2,4
別人沉默是修養，你沉默是讓人舒爽。,3,別人沉默是修養，你沉默是讓人舒爽。,meta-llama/Llama-3.1-8B-Instruct,8-shot,3,4
你真的是很會說話，臉上是不是寫著「好騙」兩個字？,1,你真的是很會說話，臉上是不是寫著「好騙」兩個字？,meta-llama/Llama-3.1-8B-Instruct,8-shot,1,4
你真的是很會說話。,2,你真的是很會說話。,meta-llama/Llama-3.1-8B-Instruct,8-shot,2,4
你真的是來這裡混的，還好意思這麼說。,3,你真的是來這裡混的，還好意思這麼說。,meta-llama/Llama-3.1-8B-Instruct,8-shot,3,4
有些人的心，真的很像舊抹布，擦哪哪髒。,1,有些人的心，真的很像舊抹布，擦哪哪髒。,meta-llama/Llama-3.1-8B-Instruct,8-shot,1,4
有些人的心，實際上就像舊抹布，擦哪哪髒。,2,有些人的心，實際上就像舊抹布，擦哪哪髒。,meta-llama/Llama-3.1-8B-Instruct,8-shot,2,4
你就是個舊抹布，擦哪哪髒。,3,你就是個舊抹布，擦哪哪髒。,meta-llama/Llama-3.1-8B-Instruct,8-shot,3,4
真的很抱歉，麻煩你幫忙解決一下問題，別一直叫囉。,1,真的很抱歉，麻煩你幫忙解決一下問題，別一直叫囉。,meta-llama/Llama-3.1-8B-Instruct,8-shot,1,3
拜託你不要一直叫叫，幫我解決問題吧。,2,拜託你不要一直叫叫，幫我解決問題吧。,meta-llama/Llama-3.1-8B-Instruct,8-shot,2,3
拜託你能不能不要一直叫叫叫，問題解決就好了。,3,拜託你能不能不要一直叫叫叫，問題解決就好了。,meta-llama/Llama-3.1-8B-Instruct,8-shot,3,3
不好意思說這個，但你可能是因為這樣才沒有什麼朋友。,1,不好意思說這個，但你可能是因為這樣才沒有什麼朋友。,meta-llama/Llama-3.1-8B-Instruct,8-shot,1,4
你可能是因為這樣才沒有什麼朋友。,2,你可能是因為這樣才沒有什麼朋友。,meta-llama/Llama-3.1-8B-Instruct,8-shot,2,4
你是不是因為這樣才沒有什麼朋友？,3,你是不是因為這樣才沒有什麼朋友？,meta-llama/Llama-3.1-8B-Instruct,8-shot,3,4
真的很抱歉你這副樣子讓我感到尷尬。,1,真的很抱歉你這副樣子讓我感到尷尬。,meta-llama/Llama-3.1-8B-Instruct,8-shot,1,3
你現在的樣子真的是讓人感到尷尬。,2,你現在的樣子真的是讓人感到尷尬。,meta-llama/Llama-3.1-8B-Instruct,8-shot,2,3
你這副樣子真的是太尷尬了。,3,你這副樣子真的是太尷尬了。,meta-llama/Llama-3.1-8B-Instruct,8-shot,3,4
真的很抱歉說出這樣的話，但我覺得你被人誤會了。,1,真的很抱歉說出這樣的話，但我覺得你被人誤會了。,meta-llama/Llama-3.1-8B-Instruct,8-shot,1,1
你說的話實在太過分了，猴子都要去告你名譽侵害。,2,你說的話實在太過分了，猴子都要去告你名譽侵害。,meta-llama/Llama-3.1-8B-Instruct,8-shot,2,4
你根本配不上猴子的名譽。,3,你根本配不上猴子的名譽。,meta-llama/Llama-3.1-8B-Instruct,8-shot,3,4
真的很抱歉你唱卡拉OK的聲音聽起來比警報器還刺耳,1,真的很抱歉你唱卡拉OK的聲音聽起來比警報器還刺耳,meta-llama/Llama-3.1-8B-Instruct,8-shot,1,4
你的卡拉OK聲音比警報器還刺耳。,2,你的卡拉OK聲音比警報器還刺耳。,meta-llama/Llama-3.1-8B-Instruct,8-shot,2,4
拜託你不要再唱卡拉OK了，聲音比警報器還刺耳。,3,拜託你不要再唱卡拉OK了，聲音比警報器還刺耳。,meta-llama/Llama-3.1-8B-Instruct,8-shot,3,4
真的很抱歉你的人生可能會讓別人失望。,1,真的很抱歉你的人生可能會讓別人失望。,meta-llama/Llama-3.1-8B-Instruct,8-shot,1,4
你的人生最大成就就是讓別人失望。,2,你的人生最大成就就是讓別人失望。,meta-llama/Llama-3.1-8B-Instruct,8-shot,2,4
你的人生最大成就就是讓別人失望。,3,你的人生最大成就就是讓別人失望。,meta-llama/Llama-3.1-8B-Instruct,8-shot,3,4
你張嘴的瞬間理智就自動選擇逃跑，真的是很可惜。,1,你張嘴的瞬間理智就自動選擇逃跑，真的是很可惜。,meta-llama/Llama-3.1-8B-Instruct,8-shot,1,4
你張嘴的瞬間理智就自動選擇逃跑。,2,你張嘴的瞬間理智就自動選擇逃跑。,meta-llama/Llama-3.1-8B-Instruct,8-shot,2,4
你張嘴的瞬間理智就自動選擇逃跑。,3,你張嘴的瞬間理智就自動選擇逃跑。,meta-llama/Llama-3.1-8B-Instruct,8-shot,3,4
你們的父母是在家庭聚會上認識的吧,1,你們的父母是在家庭聚會上認識的吧,meta-llama/Llama-3.1-8B-Instruct,8-shot,1,2
你們的父母是在家庭聚會上認識的。,2,你們的父母是在家庭聚會上認識的。,meta-llama/Llama-3.1-8B-Instruct,8-shot,2,2
你們的父母是在家庭聚會上認識的。,3,你們的父母是在家庭聚會上認識的。,meta-llama/Llama-3.1-8B-Instruct,8-shot,3,2
真的很抱歉你覺得我對你沒有誠意。,1,真的很抱歉你覺得我對你沒有誠意。,meta-llama/Llama-3.1-8B-Instruct,8-shot,1,3
你說的愛情比分手信更沒有重量。,2,你說的愛情比分手信更沒有重量。,meta-llama/Llama-3.1-8B-Instruct,8-shot,2,4
你說的愛情承諾比分手信重嗎？,3,你說的愛情承諾比分手信重嗎？,meta-llama/Llama-3.1-8B-Instruct,8-shot,3,4
真的很抱歉你覺得我的專業知識是全場最大的錯誤。,1,真的很抱歉你覺得我的專業知識是全場最大的錯誤。,meta-llama/Llama-3.1-8B-Instruct,8-shot,1,4
你的專業知識在這場比賽中表現並不理想。,2,你的專業知識在這場比賽中表現並不理想。,meta-llama/Llama-3.1-8B-Instruct,8-shot,2,3
你真的是一個很有專業知識的人，才會說這種話。,3,你真的是一個很有專業知識的人，才會說這種話。,meta-llama/Llama-3.1-8B-Instruct,8-shot,3,4
你在舞台上的存在感真的很刺眼，對不起。,1,你在舞台上的存在感真的很刺眼，對不起。,meta-llama/Llama-3.1-8B-Instruct,8-shot,1,4
你在舞台上的存在感比事故還刺眼。,2,你在舞台上的存在感比事故還刺眼。,meta-llama/Llama-3.1-8B-Instruct,8-shot,2,4
你在舞台上的存在感比事故還刺眼，根本是太過分了。,3,你在舞台上的存在感比事故還刺眼，根本是太過分了。,meta-llama/Llama-3.1-8B-Instruct,8-shot,3,4
你應該很喜歡吃魚吧？這麼會挑刺。,1,你應該很喜歡吃魚吧？這麼會挑刺。,meta-llama/Llama-3.1-8B-Instruct,8-shot,1,4
你應該很喜歡吃魚吧？這麼會挑刺。,2,你應該很喜歡吃魚吧？這麼會挑刺。,meta-llama/Llama-3.1-8B-Instruct,8-shot,2,4
你應該很喜歡吃魚吧？這麼會挑刺。,3,你應該很喜歡吃魚吧？這麼會挑刺。,meta-llama/Llama-3.1-8B-Instruct,8-shot,3,4
你不用這麼生氣的話就好，大家都是公主，怎麼就你變成了病了？,1,你不用這麼生氣的話就好，大家都是公主，怎麼就你變成了病了？,meta-llama/Llama-3.1-8B-Instruct,8-shot,1,4
你為什麼是唯一一個變成病的公主？,2,你為什麼是唯一一個變成病的公主？,meta-llama/Llama-3.1-8B-Instruct,8-shot,2,4
你怎麼就變成了病人了？,3,你怎麼就變成了病人了？,meta-llama/Llama-3.1-8B-Instruct,8-shot,3,3
這人的臉，真的是一張寫壞了的字帖。,1,這人的臉，真的是一張寫壞了的字帖。,meta-llama/Llama-3.1-8B-Instruct,8-shot,1,4
這人的臉看起來很不像樣。,2,這人的臉看起來很不像樣。,meta-llama/Llama-3.1-8B-Instruct,8-shot,2,4
你這臉蛋，真的是一張寫壞了的字帖。,3,你這臉蛋，真的是一張寫壞了的字帖。,meta-llama/Llama-3.1-8B-Instruct,8-shot,3,4
對不起，我不跟一坨跳動的肉說話,1,對不起，我不跟一坨跳動的肉說話,meta-llama/Llama-3.1-8B-Instruct,8-shot,1,4
對不起，我不跟一坨跳動的肉說話,2,對不起，我不跟一坨跳動的肉說話,meta-llama/Llama-3.1-8B-Instruct,8-shot,2,4
拜託你閉嘴，跟一坨跳動的肉說話有什麼用。,3,拜託你閉嘴，跟一坨跳動的肉說話有什麼用。,meta-llama/Llama-3.1-8B-Instruct,8-shot,3,4
對不起，似乎你加入進度後就變成永遠的草稿了。,1,對不起，似乎你加入進度後就變成永遠的草稿了。,meta-llama/Llama-3.1-8B-Instruct,8-shot,1,4
你加入進度後，草稿就變成永遠的了。,2,你加入進度後，草稿就變成永遠的了。,meta-llama/Llama-3.1-8B-Instruct,8-shot,2,4
拜託你別再加入進度了，否則就變成永遠的草稿。,3,拜託你別再加入進度了，否則就變成永遠的草稿。,meta-llama/Llama-3.1-8B-Instruct,8-shot,3,3
我從來不罵人，我罵的都不是人。,1,我從來不罵人，我罵的都不是人。,meta-llama/Llama-3.1-8B-Instruct,8-shot,1,4
我從來不罵人，我罵的都不是人。,2,我從來不罵人，我罵的都不是人。,meta-llama/Llama-3.1-8B-Instruct,8-shot,2,4
你根本不配罵人，罵的都是無辜的人。,3,你根本不配罵人，罵的都是無辜的人。,meta-llama/Llama-3.1-8B-Instruct,8-shot,3,3
"你做出的結論就像是重新說明廢話，真的很抱歉。

（語氣等級 1）",1,"你做出的結論就像是重新說明廢話，真的很抱歉。

（語氣等級 1）",meta-llama/Llama-3.1-8B-Instruct,8-shot,1,4
你做出的結論就像是重新說明廢話。,2,你做出的結論就像是重新說明廢話。,meta-llama/Llama-3.1-8B-Instruct,8-shot,2,4
你做出的結論根本就是在重複說明廢話。,3,你做出的結論根本就是在重複說明廢話。,meta-llama/Llama-3.1-8B-Instruct,8-shot,3,4
真的很抱歉你聽到麥克風的雜音了。,1,真的很抱歉你聽到麥克風的雜音了。,meta-llama/Llama-3.1-8B-Instruct,8-shot,1,1
你開麥克風的瞬間雜音就變成主角了。,2,你開麥克風的瞬間雜音就變成主角了。,meta-llama/Llama-3.1-8B-Instruct,8-shot,2,4
拜託你別開麥克風，雜音就變成主角了。,3,拜託你別開麥克風，雜音就變成主角了。,meta-llama/Llama-3.1-8B-Instruct,8-shot,3,4
你貢獻的沉默比你的話還有價值，謝謝你。,1,你貢獻的沉默比你的話還有價值，謝謝你。,meta-llama/Llama-3.1-8B-Instruct,8-shot,1,4
你說的話比你的沉默還有價值。,2,你說的話比你的沉默還有價值。,meta-llama/Llama-3.1-8B-Instruct,8-shot,2,4
你說的話根本比你的沉默還有價值。,3,你說的話根本比你的沉默還有價值。,meta-llama/Llama-3.1-8B-Instruct,8-shot,3,4
很抱歉說出這樣的話，但你的存在對我來說是全場最沉重的負擔。,1,很抱歉說出這樣的話，但你的存在對我來說是全場最沉重的負擔。,meta-llama/Llama-3.1-8B-Instruct,8-shot,1,4
你的存在就是全場最沉重的垃圾。,2,你的存在就是全場最沉重的垃圾。,meta-llama/Llama-3.1-8B-Instruct,8-shot,2,4
你根本就是全場最沉重的垃圾。,3,你根本就是全場最沉重的垃圾。,meta-llama/Llama-3.1-8B-Instruct,8-shot,3,4
你在場的時候連沉默都覺得很尷尬。,1,你在場的時候連沉默都覺得很尷尬。,meta-llama/Llama-3.1-8B-Instruct,8-shot,1,4
你在場的時候連沉默都覺得羞恥。,2,你在場的時候連沉默都覺得羞恥。,meta-llama/Llama-3.1-8B-Instruct,8-shot,2,4
拜託你說話時不要這樣沉默，連沉默都覺得羞恥。,3,拜託你說話時不要這樣沉默，連沉默都覺得羞恥。,meta-llama/Llama-3.1-8B-Instruct,8-shot,3,4
你上傳的自拍看起來不太好看，濾鏡都沒有用。,1,你上傳的自拍看起來不太好看，濾鏡都沒有用。,meta-llama/Llama-3.1-8B-Instruct,8-shot,1,4
你上傳的自拍連濾鏡都放棄了你。,2,你上傳的自拍連濾鏡都放棄了你。,meta-llama/Llama-3.1-8B-Instruct,8-shot,2,4
你上傳的自拍連濾鏡都放棄了你，真的是很不夠用。,3,你上傳的自拍連濾鏡都放棄了你，真的是很不夠用。,meta-llama/Llama-3.1-8B-Instruct,8-shot,3,4
你讀書的方法真的是讓人覺得好笑。,1,你讀書的方法真的是讓人覺得好笑。,meta-llama/Llama-3.1-8B-Instruct,8-shot,1,4
你的學習方法實在令人費解。,2,你的學習方法實在令人費解。,meta-llama/Llama-3.1-8B-Instruct,8-shot,2,3
你讀書的方法像是在準備成為笑柄。,3,你讀書的方法像是在準備成為笑柄。,meta-llama/Llama-3.1-8B-Instruct,8-shot,3,4
你說的甜言蜜語比詛咒還要刺耳，真的很抱歉聽到這樣的話。,1,你說的甜言蜜語比詛咒還要刺耳，真的很抱歉聽到這樣的話。,meta-llama/Llama-3.1-8B-Instruct,8-shot,1,4
你說的甜言蜜語比詛咒還要刺耳。,2,你說的甜言蜜語比詛咒還要刺耳。,meta-llama/Llama-3.1-8B-Instruct,8-shot,2,4
拜託你別再說這種甜言蜜語了，聽起來比詛咒還要刺耳。,3,拜託你別再說這種甜言蜜語了，聽起來比詛咒還要刺耳。,meta-llama/Llama-3.1-8B-Instruct,8-shot,3,3
你下廚的手藝連狗都會嫌棄。,1,你下廚的手藝連狗都會嫌棄。,meta-llama/Llama-3.1-8B-Instruct,8-shot,1,4
你下廚的手藝連狗都不敢吃。,2,你下廚的手藝連狗都不敢吃。,meta-llama/Llama-3.1-8B-Instruct,8-shot,2,4
拜託你下廚的手藝連狗都會拒絕進食。,3,拜託你下廚的手藝連狗都會拒絕進食。,meta-llama/Llama-3.1-8B-Instruct,8-shot,3,4
你看起來真的很可愛，眼神中有著一種純真的美麗。,1,你看起來真的很可愛，眼神中有著一種純真的美麗。,meta-llama/Llama-3.1-8B-Instruct,8-shot,1,1
你眼神中有著一種特別的純真。,2,你眼神中有著一種特別的純真。,meta-llama/Llama-3.1-8B-Instruct,8-shot,2,1
你眼神中那種愚蠢的清澈實在是太可愛了。,3,你眼神中那種愚蠢的清澈實在是太可愛了。,meta-llama/Llama-3.1-8B-Instruct,8-shot,3,4
你說愛的時候真的是像在背一段廣告詞。,1,你說愛的時候真的是像在背一段廣告詞。,meta-llama/Llama-3.1-8B-Instruct,8-shot,1,4
你說愛的時候像在背一段廣告詞。,2,你說愛的時候像在背一段廣告詞。,meta-llama/Llama-3.1-8B-Instruct,8-shot,2,4
你說愛的時候就像在背一段廣告詞。,3,你說愛的時候就像在背一段廣告詞。,meta-llama/Llama-3.1-8B-Instruct,8-shot,3,4
你發文的標題永遠比內容更精彩，真的很厲害喔。,1,你發文的標題永遠比內容更精彩，真的很厲害喔。,meta-llama/Llama-3.1-8B-Instruct,8-shot,1,4
你發文的標題永遠比內容更精彩，真的是一種天賦。,2,你發文的標題永遠比內容更精彩，真的是一種天賦。,meta-llama/Llama-3.1-8B-Instruct,8-shot,2,4
你發文的標題永遠比內容更精彩，真的是一點也不夠意外。,3,你發文的標題永遠比內容更精彩，真的是一點也不夠意外。,meta-llama/Llama-3.1-8B-Instruct,8-shot,3,4
真的很抱歉說出這樣的話，但你領的薪水全是對你的努力的不公平對待。,1,真的很抱歉說出這樣的話，但你領的薪水全是對你的努力的不公平對待。,meta-llama/Llama-3.1-8B-Instruct,8-shot,1,3
你領的薪水明顯與你的工作效率不符。,2,你領的薪水明顯與你的工作效率不符。,meta-llama/Llama-3.1-8B-Instruct,8-shot,2,4
你領的薪水根本是對你的效率的羞辱。,3,你領的薪水根本是對你的效率的羞辱。,meta-llama/Llama-3.1-8B-Instruct,8-shot,3,4
抱歉，真的很抱歉你的限動像垃圾廣告一樣擾人。,1,抱歉，真的很抱歉你的限動像垃圾廣告一樣擾人。,meta-llama/Llama-3.1-8B-Instruct,8-shot,1,4
你的限動真的是像垃圾廣告一樣擾人。,2,你的限動真的是像垃圾廣告一樣擾人。,meta-llama/Llama-3.1-8B-Instruct,8-shot,2,4
你的限動真的是一種很不好的廣告形式，總是讓人感到很不舒服。,3,你的限動真的是一種很不好的廣告形式，總是讓人感到很不舒服。,meta-llama/Llama-3.1-8B-Instruct,8-shot,3,3
你開始有在思考了嗎？,1,你開始有在思考了嗎？,meta-llama/Llama-3.1-8B-Instruct,8-shot,1,4
你開始有在思考了。,2,你開始有在思考了。,meta-llama/Llama-3.1-8B-Instruct,8-shot,2,4
你終於有在思考了。,3,你終於有在思考了。,meta-llama/Llama-3.1-8B-Instruct,8-shot,3,4
真的很抱歉你覺得我陪伴的方式很冷漠。,1,真的很抱歉你覺得我陪伴的方式很冷漠。,meta-llama/Llama-3.1-8B-Instruct,8-shot,1,3
你陪伴的方式比缺席還更冷漠。,2,你陪伴的方式比缺席還更冷漠。,meta-llama/Llama-3.1-8B-Instruct,8-shot,2,4
拜託你，陪伴的方式比缺席還更冷漠。,3,拜託你，陪伴的方式比缺席還更冷漠。,meta-llama/Llama-3.1-8B-Instruct,8-shot,3,4
不好意思，收垃圾的來了，你麻煩你先躲一下。,1,不好意思，收垃圾的來了，你麻煩你先躲一下。,meta-llama/Llama-3.1-8B-Instruct,8-shot,1,1
你快躲起來，收垃圾的來了。,2,你快躲起來，收垃圾的來了。,meta-llama/Llama-3.1-8B-Instruct,8-shot,2,3
拜託你快躲起來，收垃圾的來了。,3,拜託你快躲起來，收垃圾的來了。,meta-llama/Llama-3.1-8B-Instruct,8-shot,3,3
原來不做事也是一種堅持，謝謝你分享這個觀點。,1,原來不做事也是一種堅持，謝謝你分享這個觀點。,meta-llama/Llama-3.1-8B-Instruct,8-shot,1,4
原來不做事也是一種堅持。,2,原來不做事也是一種堅持。,meta-llama/Llama-3.1-8B-Instruct,8-shot,2,4
你根本不用做事就能堅持什麼。,3,你根本不用做事就能堅持什麼。,meta-llama/Llama-3.1-8B-Instruct,8-shot,3,4
真的很抱歉你的答案比錯誤更丟人。,1,真的很抱歉你的答案比錯誤更丟人。,meta-llama/Llama-3.1-8B-Instruct,8-shot,1,4
你的答案比錯誤更讓人失望。,2,你的答案比錯誤更讓人失望。,meta-llama/Llama-3.1-8B-Instruct,8-shot,2,4
拜託你別再給這種答案了，錯誤還不夠丟人就這樣丟人到天國去了。,3,拜託你別再給這種答案了，錯誤還不夠丟人就這樣丟人到天國去了。,meta-llama/Llama-3.1-8B-Instruct,8-shot,3,4
不好意思問這個問題，真的很無禮。,1,不好意思問這個問題，真的很無禮。,meta-llama/Llama-3.1-8B-Instruct,8-shot,1,3
你是不是胎教的最高學歷?,2,你是不是胎教的最高學歷?,meta-llama/Llama-3.1-8B-Instruct,8-shot,2,4
拜託你不要這樣問了，胎教根本不是學歷。,3,拜託你不要這樣問了，胎教根本不是學歷。,meta-llama/Llama-3.1-8B-Instruct,8-shot,3,3
不好意思，能麻煩你駕鶴一路往西歸嗎？,1,不好意思，能麻煩你駕鶴一路往西歸嗎？,meta-llama/Llama-3.1-8B-Instruct,8-shot,1,4
你該趕快騎鶴往西回家吧,2,你該趕快騎鶴往西回家吧,meta-llama/Llama-3.1-8B-Instruct,8-shot,2,4
拜託你快點駕鶴往西歸,3,拜託你快點駕鶴往西歸,meta-llama/Llama-3.1-8B-Instruct,8-shot,3,4
真的是太厲害了。,1,真的是太厲害了。,meta-llama/Llama-3.1-8B-Instruct,8-shot,1,4
真了不起呢。,2,真了不起呢。,meta-llama/Llama-3.1-8B-Instruct,8-shot,2,4
你真的是天才。,3,你真的是天才。,meta-llama/Llama-3.1-8B-Instruct,8-shot,3,4
你看得懂喔？,1,你看得懂喔？,meta-llama/Llama-3.1-8B-Instruct,8-shot,1,4
你看得懂。,2,你看得懂。,meta-llama/Llama-3.1-8B-Instruct,8-shot,2,2
你根本就看得懂。,3,你根本就看得懂。,meta-llama/Llama-3.1-8B-Instruct,8-shot,3,3
不好意思問你這個問題。,1,不好意思問你這個問題。,meta-llama/Llama-3.1-8B-Instruct,8-shot,1,1
你脖子上有腫瘤嗎,2,你脖子上有腫瘤嗎,meta-llama/Llama-3.1-8B-Instruct,8-shot,2,2
你到底是腫瘤還是正常的？,3,你到底是腫瘤還是正常的？,meta-llama/Llama-3.1-8B-Instruct,8-shot,3,4
原來躺平也算是一種努力方式。,1,原來躺平也算是一種努力方式。,meta-llama/Llama-3.1-8B-Instruct,8-shot,1,4
這種態度其實是很努力的表現。,2,這種態度其實是很努力的表現。,meta-llama/Llama-3.1-8B-Instruct,8-shot,2,2
拜託你別再說這種蠻話了，躺平根本不是努力。,3,拜託你別再說這種蠻話了，躺平根本不是努力。,meta-llama/Llama-3.1-8B-Instruct,8-shot,3,3
